<?xml version="1.0"?>
<doc>
    <assembly>
        <name>InfnetAtividadesComplementaresApi</name>
    </assembly>
    <members>
        <member name="M:InfnetAtividadesComplementaresApi.Controllers.AtividadeController.ConsultaDeAtividades">
            <summary>
            Consulta de Atividades do aluno por documento.
            </summary>
            <param name="documento"></param>
            <returns></returns>
            <response code="200">Consulta realizada com sucesso.</response>
            <response code="400">Requisição com parametro incorreto.</response>
            <response code="500">Erro interno inesperado ao processar a requisição.</response>
        </member>
        <member name="T:InfnetAtividadesComplementaresApi.LambdaEntryPoint">
            <summary>
            This class extends from APIGatewayProxyFunction which contains the method FunctionHandlerAsync which is the 
            actual Lambda function entry point. The Lambda handler field should be set to
            
            InfnetAtividadesComplementaresApi::InfnetAtividadesComplementaresApi.LambdaEntryPoint::FunctionHandlerAsync
            </summary>
        </member>
        <!-- Badly formed XML comment ignored for member "M:InfnetAtividadesComplementaresApi.LambdaEntryPoint.Init(Microsoft.AspNetCore.Hosting.IWebHostBuilder)" -->
        <member name="M:InfnetAtividadesComplementaresApi.LambdaEntryPoint.Init(Microsoft.Extensions.Hosting.IHostBuilder)">
            <summary>
            Use this override to customize the services registered with the IHostBuilder. 
            
            It is recommended not to call ConfigureWebHostDefaults to configure the IWebHostBuilder inside this method.
            Instead customize the IWebHostBuilder in the Init(IWebHostBuilder) overload.
            </summary>
            <param name="builder"></param>
        </member>
        <member name="T:InfnetAtividadesComplementaresApi.LocalEntryPoint">
            <summary>
            The Main function can be used to run the ASP.NET Core application locally using the Kestrel webserver.
            </summary>
        </member>
    </members>
</doc>
